PM2.5,PM10,Temperature,Humidity,AsthmaRisk
18.727005942368123,18.513292883861965,15.23411367471812,60.36217965253388,Moderate
47.53571532049581,54.190094737835814,14.939575981439997,67.80088383148234,High
36.59969709057025,87.29458358764083,28.125091610420732,35.02807392754994,High
29.93292420985183,73.22248864095612,14.990923996990123,57.49244597641994,High
7.800932022121826,80.65611478614497,15.43899452257262,54.30475898862492,High
7.799726016810133,65.87833667107174,25.187965248359276,69.96982260729627,High
2.9041806084099733,69.22765645178525,18.9947968490108,74.36522362887564,High
43.308807288746756,84.91956515653193,25.534211139103625,20.729406288643208,High
30.05575058716044,24.966800885918595,11.307323151287704,60.44119514352756,High
35.40362888980228,48.942496364314046,19.751423873467687,23.11014794718374,High
1.0292247147901223,22.120944181960223,10.672272003665652,52.931519904641355,Moderate
48.49549260809972,98.7668007996647,11.25306406910709,37.25796374262069,High
41.622132040021086,94.40593396866133,28.12874906688822,38.40659597132847,High
10.616955533913808,3.94268113685059,12.784907422351903,41.177510207141395,Moderate
9.091248360355031,70.55751725156884,20.64841364550434,57.277546942976606,High
9.17022549267169,92.52483174156659,18.221912052014133,40.042997940126156,High
15.212112147976885,18.057534512733355,16.94686652517685,63.96194303541682,Moderate
26.237821581611893,56.79452305526295,27.99666691374545,44.27164313443218,High
21.597250932105787,91.54882975880419,10.43646793550979,24.101192018597516,High
14.561457009902096,3.394597858579884,23.275793723511782,67.02559054904643,Moderate
30.592644736118974,69.742026724684,29.267888684271007,37.14549947556236,High
6.974693032602092,29.734900737255078,21.20336366923684,45.96601277595576,Moderate //
14.607232426760907,92.43961953765304,28.736449240661837,61.12663299331409,High
18.318092164684586,97.10582451653677,11.045157585720474,39.94736942892272,High
22.803499210851797,94.42664891134339,18.375866381483227,23.395139368802937,High
39.25879806965068,47.42142166574638,15.203155819241022,42.43526282076881,High
9.983689107917987,86.20426509893134,24.616419299614595,76.66691496165821,High
25.71172192068058,84.45493985350704,29.625941809944933,58.50406383791349,High
29.620728443102124,31.910047324325564,15.130601248884956,60.28874892003242,High
2.3225206359998865,82.89154741506773,23.08349202948149,57.93692921825839,High
30.37724259507192,3.700763471549262,13.961952655194803,31.93952833756621,High
8.526206184364577,59.6269878482053,21.306605091432196,45.10003184613681,High
3.252579649263976,23.000883728770305,19.278649733766724,65.0563879017991,Moderate
47.44427686266666,12.056688577727881,29.44010659263074,26.082373853189548,High
48.28160165372797,7.695320162920916,22.170545453929332,36.671166565382734,High
40.419867405823055,69.62887758781397,16.990127441736377,36.579146507951215,High
15.230688458668535,33.98749637680661,12.281915697758667,45.921135655670355,Moderate
4.883605700319194,72.47667715287615,13.02493657469869,78.8221244565311,High
34.211651325607846,6.535634079894237,14.506338599024701,24.050152801029316,High
22.007624686980066,31.529033783061035,15.01933322680596,51.1220596628357,High
6.101911742238942,53.949129237533725,27.012321156822757,30.76188092073263,High
24.75884550556351,79.07231648389636,21.224455765650497,78.24059272458464,High
1.7194260557609198,31.875250293206992,20.467818227487328,26.79821028364785,Moderate
45.4660201039391,62.58913764370091,12.29537743738435,44.21606014169548,High
12.938999080000846,88.5977748236187,27.2027938669887,64.27309909007637,High
33.1261142176991,61.58631881823046,24.456286064169674,62.27326568164672,High
15.585553804470548,23.295947475363377,11.353367238000033,45.363718213635934,Moderate
26.00340105889054,2.440078155653802,24.156701944595373,40.79145007716309,High
27.335513967163983,87.00988739009298,20.870764346852923,43.85674271317224,High
9.242722776276352,2.126941085038714,11.634506914935566,35.85657578951836,Safe
48.47923138822793,87.47016726841994,19.16601283057313,32.31997632240799,High
38.75664116805573,52.8937134027212,19.69392574260094,48.9823818535334,High
46.97494707820945,93.90676985128962,13.315490803265515,36.112025364056436,High
44.74136752138244,79.87832357736654,28.913962940005646,37.247699893835005,High
29.894998940554256,99.79341105333374,26.99950742961324,59.405363808473425,High
46.093711751155844,35.071181545171015,23.380446746582166,78.11223990199353,High
4.424625102595975,76.71882889311269,19.245911220012143,56.21823203356251,High
9.79914312095726,40.193091360924214,18.23531083169017,24.618768023897978,High
2.2613644455269033,47.98756203039088,23.019469343019082,24.535016831244018,High
16.266516538163216,62.75054632183701,20.90863738813811,77.08539325073396,High
19.4338644844741,87.36771141863387,11.245462117637713,37.83744741844002,High
13.567451588694796,98.40834691992951,20.250052975406632,25.524019164948527,High
41.436875457596464,76.82734138645182,26.12807234465679,55.942675229022896,High
17.837666334679465,41.77667821673337,19.184797551939162,57.41892669741597,High
14.046725484369038,42.13570022770702,11.039131551085369,58.91028920712129,High
27.134804157912424,73.75823015888915,25.725563987680662,36.04412167145248,High
7.046211248738132,23.877714576830233,14.027275642719488,20.9066410528685,Moderate
40.109849037701984,11.047411313139467,15.172416697760776,77.9009221672683,High
3.727532183988541,35.462215764077655,13.294127068645917,35.05358274146615,Moderate
49.34434683002586,28.723899165408174,16.60430129742995,60.56157728315285,High
38.61223846483287,29.630812045599008,25.1350301137727,62.39779219272258,High
9.93578407670862,23.360775104990992,20.387717190078746,56.600445024769144,Moderate
0.27610585618011996,4.209318963636188,14.097625483014252,38.77444365281889,Safe
40.77307142274171,1.787393473341381,27.556601563040818,36.265775225843946,High
35.34286719238086,98.77223897360315,27.591637099030585,55.86009696216219,High
36.45035840204937,42.77731337358623,27.41156850092014,71.9657380167015,High
38.56351733429729,38.432664715968166,14.775924227630785,76.80402373540373,High
3.7022325867045183,67.96472826930699,19.02478688361976,26.354348264225457,High
17.92328642721363,21.825388786506416,29.699793122817503,29.28971675586319,Moderate
5.793452976256486,94.99611839502253,25.440249526199807,76.68417552698477,High
43.155171293779674,78.6345014415552,10.543348424511196,64.19211370008756,High
31.164906341377897,8.94110023122595,11.304091825209841,72.97962948978639,High
16.54490124263246,41.75807757849284,19.278627536246656,32.15795804812059,High
3.177917514301182,87.91183075621647,28.184404117231203,55.25515226656411,High
15.54911608578311,94.47320222914102,20.774035959054284,62.06837566504842,High
16.259166101337353,46.74015112498697,19.956250160685805,60.80671312681836,High
36.480308916903205,61.34113892107077,12.10947399913261,44.48910145200189,High
31.877873567760656,16.70339460920752,23.135602094485883,20.92369350147851,High
44.36063712881633,99.11686261369765,26.44206321200451,54.97556340825579,High
23.610746258097464,23.16717013834434,17.608400150151247,35.186092350776526,High
5.9797122969150855,94.27317741351257,25.51223701850655,47.01525476857342,High
35.66223936114975,64.96466489923685,29.289533078016234,77.45486090502904,High
38.03925243084487,60.773679487885914,14.075329182553782,43.94211905854608,High
28.063859878474812,51.26885110165086,20.466592623894826,70.3880963998656,High
38.54835899772805,23.06698117177587,15.742759161691511,31.312436344955067,High
24.689779818219538,17.652803200550828,25.857088380676785,60.34762988150173,High
26.136641469099704,22.048620907017536,21.55186731762315,78.6204172663366,High
21.37705091792748,18.643826214425452,22.691648351006073,26.113586052376206,High
1.2709563372047594,77.95844735667534,25.958283192317882,20.49919653363152,High
5.394571349665222,35.01252591667301,17.9194094532491,46.014967557956865,Moderate
1.5714592843367126,5.784267656339637,28.301801368140865,25.55752898308203,Moderate
31.82052056318902,96.91026301408114,20.6605773449228,64.90306098057388,High
15.717799053816334,88.37858849634257,13.15909645670696,74.87291983091353,High
25.42853455823514,92.77522831952129,23.917982363376048,46.041258362525525,High
45.37832369630465,99.49078226464353,25.86522700876509,35.52269852932646,High
12.464611457443747,17.38952492194873,16.335233541350533,46.06419914039658,Moderate
20.519146151781488,39.62420189026587,27.14358513997506,63.40686907100006,High
37.77755692715243,75.82384757040913,28.122865095315326,20.543249694822258,High
11.439908274581123,69.60206180537922,15.538089747556178,55.36723936908183,High
3.8489954914396494,15.389590633985506,29.67042945430444,56.797501093242744,Moderate
14.4875726456884,81.58331249906178,12.814230560975169,58.26129481375613,High
8.061064362700222,22.444057183666068,14.0403133680498,34.52132479885263,Moderate
46.484882617128655,22.38176148226231,13.684496784760523,62.84316340268761,High
40.40601897822085,53.69744228934136,27.87979420015741,25.483489179906584,High
31.67018782552117,59.293993484170315,23.085851046499236,31.956220188008047,High
43.57302950938588,58.00862078378112,13.042085664445457,72.64820279926892,High
40.18360384495573,9.148683739775487,18.806468367366982,64.32338904359398,High
9.328502944301793,87.74608626303804,22.30596050139604,20.824733240680715,High
44.627949924498886,26.560004258870606,11.669281699787666,34.90257562218801,High
26.967112095782536,12.951492128280417,27.648327368146774,32.864388979589876,High
40.372007758203125,88.87480798689772,26.072070708830704,36.248379682218356,High
44.80456499617466,95.56514982297534,20.104135471532764,34.85358621679318,High
15.900173748593193,86.21276172654507,29.342532305183408,23.751577744570746,High
5.502596226383838,80.95160747248781,18.35521958550199,47.53643099580922,High
11.396758127097083,65.52419806390218,29.682206380729955,63.964008487169906,High
21.355389431312815,55.08573706091393,23.35839997607254,56.403903483046186,High
40.90073829612466,8.698675991141014,22.69342546507883,60.372300115884784,High
43.036529162817175,40.845321307069874,13.3190979059157,24.86895071217435,High
0.34760652655953517,37.2688517012314,27.63855516609288,77.08944261060724,High
25.537365128878285,25.97537837603262,18.549793758412303,70.30951003058149,High
20.87055015743895,72.3420113688585,13.244668115649587,68.30541910973976,High
11.105390523536512,49.58757350787708,10.25215039951518,69.37902830250604,High
5.99326836668414,8.104621590764793,21.19511367276765,75.96263048796568,High
16.8807585701814,22.018320194981133,20.547992442453527,52.655237966821865,Moderate
47.14548519562596,68.32587636595959,24.387072447383172,32.016921072057556,High
16.160146601037763,7.613085949030019,27.805161060356042,57.00701647115247,Moderate
25.939531087168305,85.12069140487687,11.58813169286059,64.57288962007634,High
35.15094794475889,49.51465270139743,24.629929806807247,64.27504360124152,High
18.1814801189647,48.0586577326648,13.748238881951645,51.286941450012804,High
48.589104136048036,59.24077846595176,27.163541063143278,24.107523160014683,High
48.122364747105564,82.46809659251491,26.38127027723312,42.26677630580767,High
12.589114791268209,34.780920790219305,20.815875099710887,75.24599650780144,High
24.86242529461927,67.80161525590636,24.20485597246623,55.06693458544556,High
15.043915490838483,56.5731963995791,16.287002263674967,52.29991659534281,High
14.242024718873381,26.70282701694213,19.42335797865629,36.13121086293161,Moderate
1.8443473677266398,87.8629986355158,26.432737954209433,42.10693519499473,High
30.478216698994842,79.74260216069281,19.185303943464277,73.72076534919016,High
25.133951161443076,65.84518346584255,17.155965306508836,59.98778285161014,High
2.5739375624994674,85.05817290942419,19.884248945006,67.24322160513998,High
13.932323211830571,86.72942009598023,26.56498504874437,47.260725384059306,High
45.41329429833269,70.83629767150347,16.704160947417456,57.81483316736947,High
11.97809453334862,83.7013328363672,13.475231862714876,34.90301652459245,High
7.244743604561155,69.74714616692836,24.240280406615614,62.327649817009174,High
24.47263801387815,68.01407717603004,26.519564254161637,45.65608002220024,High
49.282522705530035,61.86113782151843,12.012749570470667,46.55273088888474,High
12.10276357557502,75.27166395576413,14.797482255118894,58.9593394746129,High
33.606777370293926,15.86051052930737,12.839439795219878,76.1768372881356,High
38.08098076643588,88.08707591989284,16.95882823164333,23.840380796517255,High
11.881877199619984,87.1843527745232,19.007019578108252,69.48459424082046,High
36.41081743059298,2.9247283034559146,24.976526739266127,37.54298662473158,High
18.38915663596266,82.58167505647627,23.02295169763348,46.63516727038267,High
31.615291529678974,12.886986747344519,22.418571349568623,21.31479972650054,High
31.676485538044734,33.51188542591419,17.047498932193086,38.06276467005878,High
26.788734203737924,74.35082562916078,26.8289510616952,50.15787455780783,High
4.514488502720415,16.07598960483082,19.42574334796329,23.37056464084634,Safe
41.7651247794619,81.79670241190622,29.58209876030309,49.46574376298991,High
16.03900324858679,83.21341779577419,22.682842765914735,75.62663773150564,High
9.325925519992712,50.746773376083624,12.525294831290054,26.323593086468314,High
2.038757077738196,0.638587171683358,23.52355124150868,65.86644368453025,Moderate
29.54464715941209,28.703813317491278,16.50208030863398,44.58026320255956,High
33.87821809211412,61.69269183757422,23.72654393372195,59.31042287146028,High
0.8293914463928076,98.11861780274235,11.392822963248115,35.614195879113765,High
25.60465291496405,63.18135270166684,13.497628743519188,29.5695357524815,High
11.324788759896897,25.98035810641598,27.114745178115726,29.627756856273585,Moderate
32.25863952047249,63.40057030996113,14.543591140470298,24.22951673858868,High
8.718321450249572,53.99853797158555,26.7408225048588,31.13880229407458,High
34.546886905123294,77.98453951511436,15.585521769088208,59.8531630993381,High
19.33676731502687,10.698063882695841,22.857638201174154,72.90143671061048,High
46.836499436836725,76.1027902502028,23.88301147019662,68.84754113546971,High
6.876047207299663,54.12665786761103,20.25309506290106,61.10805859246904,High
17.053317552512926,96.29920038589947,16.106213533934625,26.62591180466616,High
5.673676062029454,34.187216603868606,14.252887527421922,37.35124677775699,Moderate
46.23468091392814,63.26218931339481,10.663787091248524,38.58841251934814,High
43.86696766904905,93.20281055100175,16.078928024814477,34.997416783857275,High
12.89708138575778,10.250972799067926,23.063255810625662,50.900339582583385,Moderate
32.999202301708955,93.72284872364511,28.766096368969652,52.13322889278035,High
40.86111001006079,68.78857223008133,27.42408964526104,41.41315851026661,High
27.760040579973115,6.78370591051719,25.321295530706053,41.22734952418616,High
26.482528917800323,30.096356694681624,25.768946865065974,69.71333587436487,High
12.092614545022585,70.81720886452815,23.299698069519906,67.35757089918113,High
4.655138390294961,6.73506014687717,15.20573715132006,38.46774990084474,Safe
44.860787897666334,58.217046017627325,28.143900614116596,74.82730663239556,High
45.02090285816652,34.588305695295674,23.41464623811668,77.16890102015037,High
31.655072863663396,62.091551776747714,21.2088126196088,39.60455252180245,High
16.951489552435035,4.5742033812512854,12.219789384269621,41.26549692758329,Moderate
17.460478730633046,87.15368061523763,18.94111087612851,50.33804920531753,High
36.297783943511966,97.3488969177397,19.207165424038525,76.46724875202041,High
44.85551299762886,96.88778552856915,27.291272190453398,72.57916598853869,High
44.354321213255865,74.96518317429248,20.93296440375577,26.154077755015386,High
38.99377729288119,13.008624013063198,17.608010979408192,43.56384459628497,High
32.10158230771439,75.82631959290225,29.536006570213186,53.20227138498631,High
4.206998249752441,2.458691645880151,12.214411866526314,50.1879483530924,Safe
8.081435704730689,2.2123551528997254,18.450968566238892,31.63178407621356,Safe
44.927709426353964,32.36102191495412,10.840493503428107,71.52900627008928,High
30.321452982979498,48.864319040466576,24.798082415338605,60.61644697981024,High
0.4598525808314824,77.04074178077931,28.361531043983014,70.27450249110822,High
5.0735771433016055,68.32953766065052,15.600746591009788,71.52585676096834,High
33.17508845540279,44.590270637674834,27.166833535982416,64.90135121994439,High
0.25307919231093434,27.362666628166586,15.844364609237955,46.35263607498304,Moderate
8.040402570874933,99.71245001577111,28.215403232878305,56.632805300925476,High
27.436689468329305,42.6181302235973,25.079238071935677,29.62192436718459,High
34.59475988463466,45.13870243296755,26.09813553682877,60.41872504849446,High
32.59806297513003,16.362382119166917,10.360131112009089,30.755195344356846,High
11.21346547302799,79.48095487499293,29.25620714148052,61.63697543060941,High
35.6089610673768,69.36822257814886,24.533419841406463,33.775889645238124,High
11.862454374840004,22.07696127887604,16.095021907722668,27.0530780090132,Moderate
16.269984907963387,8.238104561584269,26.58789329717694,29.917069408577447,Moderate
37.32457025590121,68.0499302074713,15.630423968298599,20.119528113144217,High
32.48164495236073,65.45112142811352,27.455076791322558,63.12437707121182,High
42.4611705247089,27.32595269982093,12.25160780823874,63.94406294350274,High
32.88064461501717,95.08635622504103,24.073719549215916,50.89600099479557,High
28.415430166773582,15.105789178090024,20.813969532898206,29.68176806332302,High
4.683738391404624,43.23348010426019,11.930689403908817,25.013260250641384,High
18.385790152971676,94.36159201675989,14.83787656517678,21.14773798623722,High
13.260118384086272,41.97273169261223,10.248080725546295,29.94489061791324,High
12.199482168954178,63.85259476640856,19.37535930929012,73.45133209898881,High
48.65052773762228,39.75943979627943,16.025305215200007,34.4922105021009,High
19.65488623333802,27.421520234867003,21.967149685955178,41.25627963303294,Moderate
44.602327758855665,98.39776479598282,15.944756154172344,26.32072906887999,High
31.556931299863145,40.9334006315043,15.998382230139693,33.34167828489022,High
39.74056517708242,89.40992036791344,24.863863974632068,51.15347424681231,High
25.131854655259605,22.995460589108617,10.96285671956707,56.46516098573915,High
28.845194231317954,21.31047040250833,28.057899903839743,34.72113884997266,High
24.625884690943195,3.113408288451136,27.04527748782363,23.463929553507032,High
9.762149389902225,65.1666825375885,23.35609366452813,43.46197214764392,High
36.12260576307526,36.852634372376116,21.864431402147687,34.05220225558005,High
14.03861812204279,86.4358249839637,27.846049962793046,33.17323539378812,High
1.215798321572692,47.32099066915572,13.70660359057429,77.59176816280731,High
32.27361479535839,96.81934279147217,11.579383243816572,56.978029155543446,High
8.855533970352447,18.552551570312115,14.790203398190762,53.412706590325755,Safe
47.02292921764572,86.86231679556109,25.891565574003806,44.94650621139932,High
47.696428850129365,77.65968527917417,10.693405334529666,45.73666000580866,High
45.743219511022424,77.0921844644052,21.656136701669794,52.45430023028485,High
18.50793501277222,84.47832281168877,29.908750323826197,61.78578842216643,High
0.7728308264433714,76.10239909429988,27.113921876750787,62.128765770909766,High
46.415928129386266,62.62203216314154,20.428913780871788,30.301634462326973,High
21.409207415865716,13.124487768238758,11.272818185732847,50.00676512459762,High
48.33274095218348,3.2526179491251916,26.627470287714196,44.71748570204612,High
48.18099885446264,92.08478478156869,21.97957016354421,72.23161797616305,High
42.650472773368,61.665031452073805,12.298659941191337,57.885135273102584,High
14.722444603479284,79.65372909761763,11.877145696467124,51.95024398495891,High
19.254886430096263,48.152235151255006,28.19253638873185,26.923678530735042,High
42.556833575842845,11.730818896239448,23.38400525876157,56.33827335940469,High
15.846100257813884,12.518579220255043,26.58573598633511,27.032234340814007,Moderate
8.474637334304624,68.55652872289714,27.579578005645345,40.232394533945126,High
27.840063122917506,43.030589489946266,21.435447040966444,28.57051788885991,High
46.80773870803905,20.052472670033673,20.348927035100825,61.524418821462135,High
34.80148983374865,49.15945467414369,18.608548206419805,32.37512683016916,High
28.50305850446825,6.420893707513409,16.338931755822387,43.51156239128156,High
4.8588246885384265,58.19714019143988,18.691919217174235,73.74048665712672,High
30.750361334958487,26.899340443509768,25.477593114603128,32.25898300393822,High
49.50269250521316,79.75591006371882,22.03846862030263,50.46830383752675,High
7.004200761826201,31.036195892357377,27.850465799096924,45.15629966996132,Moderate
25.916482618186837,45.52201490818012,18.867600287583755,21.087442462743784,High
43.86865359639777,1.1620539908100636,22.14179157437508,67.56548681436877,High
37.03843088771022,7.244688779455888,22.626151061839774,24.142754378875985,High
34.8507870497634,39.24935564066848,21.83394324612651,48.45530125861721,High
35.12420419935546,47.99388347171235,24.052675461710326,53.640697696337,High
17.97455756098776,60.00205481193037,14.748669367496126,57.705587396875224,High
14.679592213224668,29.166257870930323,20.247275550915813,61.31789775847253,Moderate
40.46805777392568,69.49818861265426,12.084496056166953,35.196343011362906,High
40.50566973395904,86.01223971892045,17.69022655289625,20.59872659950696,High
43.35361592900519,77.98509888933498,19.75334137242529,63.40661974129472,High
45.66202762782356,3.9618825348357145,23.044485190909448,52.13939596085471,High
25.56711994304689,48.0506947257829,29.01062105172407,70.16706219243493,High
25.07581473435998,10.493017841817487,22.013021330967117,69.28330177404166,High
39.91475894833876,24.204501586252746,24.871878323531195,70.59957006727299,High
32.49819653888826,98.66625932671465,20.125321189904056,49.10567959877241,High
35.098343862885166,14.249554290151323,22.682080627526627,40.017703750211936,High
39.789633471805054,49.888815345135605,11.418644322675469,67.4934921554822,High
44.50026709087832,61.81557343181191,15.08783161683694,47.07764678175529,High
16.89975784257679,70.2464970544104,17.237061864102774,31.00653178420607,High
18.7791476319972,55.96486834869141,19.44986710013027,71.29844117368846,High
4.69909699204345,0.9770847419183659,10.912974910047675,72.95359260634083,High
28.9140070498087,32.64613082439919,12.800481951066354,47.97858536841021,High
1.7971136898371043,51.771164338471145,15.536286155826115,24.541983638587247,High
23.27990090662301,8.786649914483336,29.430653818021014,43.269565395015874,High
27.13223173537883,35.06269312091808,16.626940142061017,68.2122595677562,High
14.32706260641422,3.3203108791366565,19.64082116224165,74.10644171277372,High
29.541663028450536,7.857849715502074,13.921954254767858,32.20836454985575,High
1.5250124969524714,39.69232762015961,22.215601421515366,24.018416721516292,Moderate
1.8674094374607209,13.271575404306034,15.613664310319486,72.64102718797032,High
41.13002803298291,56.75408482615582,14.139851568768535,43.364296338732515,High
18.009532070563143,68.94649691372658,20.33145256891958,52.505657856053794,High
6.353025632594239,80.05866991090829,10.110115983208416,78.08394872304554,High
26.112163002740218,20.01502442448101,10.153280652984506,23.99388367485337,High
38.499677654930544,16.748258225906977,14.381376182037155,58.89908044712573,High
10.791051374842159,10.456784033440025,10.734427250016424,24.446325354492025,Moderate
31.144523790950014,63.64302495436367,12.160515082613827,42.52813570799002,High
4.2673732496884,70.64757264869012,16.777212986775034,68.22887271160681,High
2.584086058430385,3.1586144825642037,26.051713591596258,46.00833396533807,Moderate
26.5677315784074,93.62122462436898,21.440972867386016,79.83094123417703,High
27.031756080505325,5.1971283651472415,20.25335451912833,53.54355709679613,High
31.871495074910328,54.12963353010704,15.869776464162433,39.269729158157205,High
36.30456668613308,70.90605194509165,28.635074388656328,33.20667955428519,High
48.79260397312673,87.09691237460856,17.940300824743833,41.03123205716971,High
25.815017415059767,71.40869321324278,11.74185533591543,42.35199642557305,High
16.1478236470623,80.17280830697918,22.341330322356026,24.122820663437658,High
39.759309738435185,33.94501925428061,12.276767869532028,42.174451965606394,High
13.541612563103712,81.48251137465122,16.90446285603384,47.85431118435349,High
21.948571035281805,8.011484638467515,20.148238774356177,63.36426513432828,High
3.9228190671132976,89.48166560605276,27.484450493703516,59.40376908329648,High
1.2675371707728755,54.75923761537362,19.870931606802372,62.525939313749255,High
48.132420733896254,81.72977699624937,24.045175320633284,20.501820912611425,High
41.79900602561029,45.23182845183001,29.856336779981408,33.06004397483216,High
34.798710304684896,64.35776951965249,12.629782397959632,59.70105730399139,High
20.447647220713495,52.640266093611324,15.49463051039039,49.03936209078483,High
8.664716003542289,73.15895217553319,17.891521511952927,20.318808540100758,High
7.8218521335543025,8.162998203058958,18.436563570776627,68.26967854590934,Moderate
12.512144908229766,6.03520839905638,18.220421505310917,66.36857439742025,Moderate
27.461333235306025,24.710323401014644,28.1522200511311,52.90514977961376,High
35.72979613500312,15.954468011318834,24.280652889337127,23.987799546576326,High
33.009868835886564,87.17835665922017,22.158104281814076,65.99090297195508,High
13.996694847297142,21.92139873580443,16.187454357255643,55.02281526388184,Moderate
47.743264033159704,97.58652558191314,26.475807684425895,66.91759862947755,High
36.89484583478843,33.68957917711069,29.101210229699777,65.10481954375042,High
27.717702625570034,18.211791568869927,26.42396565100453,68.18012431747023,High
30.58603731171761,78.96985071424791,10.031302103829457,51.08048398427749,High
20.980003121389494,65.87077755008761,22.72802740366814,28.4194710916109,High
12.386549475057873,49.8195716453139,11.022707628842014,60.26944840278132,High
17.798633932563078,55.53635509376312,15.152144406674438,57.228427103118236,High
37.892305523218454,71.92017782722638,11.190494006955433,64.53519123194523,High
0.7196744314877934,22.845474133129873,22.075909058987754,30.19286036304412,Moderate
5.803632025345812,99.63339160567419,23.731798269852135,31.698511994017352,High
2.3001321010876374,97.4793162146783,12.289752761318102,73.42457103315971,High
2.0364401159485066,65.03256863469369,17.67677766089959,64.99866790712426,High
42.77302920055036,19.954245092914512,19.12473017911084,74.49370932201938,High
35.18289296900118,68.02282424312914,17.38106043521833,65.52291926983524,High
23.70869145436626,7.219840897917584,12.420500009703861,55.82931835941811,High
4.891708032550074,3.0652502205806065,18.37895580374951,59.24796422167242,Safe
24.58079375584162,25.76828885112137,25.02356095616836,73.3476754364006,High
23.673588539028284,46.26229567393163,11.420153290665109,54.72840527071643,High
8.660093495500758,86.82725054083805,11.60360028163807,57.94347945970324,High
21.692582461898652,72.7169069766308,17.095425836719684,29.388602960216033,High
19.92523671986867,74.2706521199981,28.834514232378503,48.43527320696616,High
30.792504902610823,42.54933344480754,23.371452934458283,62.98382671748594,High
31.75468254338219,34.59349925469629,23.573399133451296,36.25656189898193,High
2.265200488602226,37.10387629846027,17.2383998167573,32.13525083147209,Moderate
18.73063073132356,98.76495637360578,21.87321582417077,38.82960849346493,High
31.29299578571182,4.010919141248248,10.202623680554868,34.49003767957001,High
25.156812929004385,86.70314961224486,22.721920928190844,32.894758222183754,High
42.824492059416116,57.86754085723934,28.265738951524735,45.491050572085214,High
32.93468158094725,43.86154191895905,22.251469366896384,74.47031083301204,High
8.146721354071484,72.52576604151365,27.473971869326903,50.4235788043231,High
3.528437370021492,48.666894142470284,24.479461109321875,31.275222848919384,High
32.12096391031578,87.34232380816606,12.411168328073805,24.618300162852442,High
1.3255655270810907,90.07018640112585,28.049066145716836,61.769368708275515,High
29.288779063673164,42.17209268734554,11.328876887115499,42.967925866183265,High
47.01151207124788,27.682779723505156,20.679349450955275,69.30985679512156,High
28.77370889379395,59.23503285933622,12.842742475869153,59.57064611844621,High
19.408496310326097,91.2363345616691,10.234132214618082,67.77448703248211,High
32.16441092211766,21.066218900566657,18.44068520255278,36.316762365106925,High
22.912644524575832,62.296658356348274,15.900814153083125,61.54153534766349,High
27.280839465796745,63.156022009252055,19.72000987595206,35.84371908162313,High
47.07324043882626,73.3113022415281,21.54399773469102,76.3441087670175,High
19.305131890038712,13.15676851272598,10.874781446178947,58.18245689200246,Moderate
48.05952819119571,71.58249646820886,12.460065902474913,39.470708010520525,High
45.26753209780318,90.9032520665641,21.172847929008505,36.17071173753636,High
9.789556739464821,17.968310887024195,16.863347063453165,31.45559510429861,Safe
3.4680650437582727,23.754332492387764,24.58346975098896,61.678457533623664,Moderate
5.038900068871333,97.13950940416396,23.04583297183879,33.12293677987564,High
0.9110912825774864,18.097695270948975,26.912087259798135,55.71819595564934,Moderate
4.72214803779642,85.4385093369579,23.849856533384504,35.878101615521445,High
34.150338670817845,49.227785644803475,18.598621547802964,59.71813668763212,High
3.559432423011449,24.723107440317705,23.45933244788865,68.89638371243235,Moderate
15.948781514688065,87.07499012725114,15.50762348510837,66.68151458867919,High
42.24376554847273,44.53052550026655,16.126269975564256,65.6510798558469,High
1.1635967867912933,51.48173539296902,25.779703198415866,31.263344341535124,High
40.72342412944679,35.92333693997657,18.928390328031643,25.303096819071122,High
14.092738738669997,59.29508514349274,25.96760681036705,61.93692970924314,High
5.908241381082813,16.352387258502276,26.44844747336557,42.10083282766108,Moderate
34.836858268207536,39.10815366517607,27.151246753225674,45.94077358420084,High
31.4471423389942,96.94123223352875,28.332704716824146,21.868945567603465,High
43.873600676352645,25.813343270112753,18.619704410265925,35.574586956502955,High
36.75355219019429,65.67366645412922,16.377336366422774,22.02058423246784,High
40.17404651924243,32.51900642246949,21.643974931882276,72.75114635607486,High
14.101728628565324,77.34731256866006,17.423448468752554,34.60380099311183,High
8.871977188986142,13.087366071834982,22.021483336004657,53.44023017438048,Safe
37.53073758204292,96.98210450785447,24.111717252876492,22.338759239667823,High
40.3417369633632,45.37895413836392,23.768100369842738,60.01084347833948,High
49.52525710003366,23.605046334646396,17.491057740402425,39.38164074524563,High
20.630883845571326,7.349674733001265,13.337204033975055,73.87515121745994,High
18.600904289639157,16.975790508754073,18.61058676924415,73.28709133604215,High
38.82064803709984,51.977394855601766,12.851882881638176,39.51743710170487,High
17.040177012650894,33.70031764312863,27.801940703676166,74.05765374142808,High
46.537866280178235,82.88833658826094,16.91754921475715,79.76946040992672,High
42.92063759215059,43.08875236618059,13.089194944466476,69.52493984743688,High
21.44970136875092,24.871427258762992,10.508955198115018,70.69228086531373,High
37.54355338957487,61.714498660403,22.916447725729686,34.940524166545394,High
37.727143704234116,70.67772168854458,22.738046349094866,54.60214393146538,High
5.15619344179663,16.704190790094987,16.812083331625836,24.03535483804207,Safe
45.127645333978336,16.761921628831765,11.43423777695302,25.695076209300183,High
25.262618622392857,3.667142693354297,18.19257789790464,79.93355672199743,High
41.322873305387084,73.64020150656405,16.22434990126787,39.598354965554655,High
16.002480051530586,66.38045276218051,23.542412794700187,64.89103472293078,High
44.77616142481003,47.46308757498139,22.115584989053808,68.39990318160899,High
19.460083936708156,84.41704489691972,17.2918745639508,71.48139626043375,High
0.541882574014918,80.56701529500532,14.357851085099803,79.85769784412939,High
45.26909882096318,58.535436439675216,29.760719323111836,34.48978911541207,High
4.564333839306678,86.82712805132586,19.080032423922297,22.42104961158198,High
15.965681879520744,20.584121003676824,23.765484715604742,44.67149107967516,Moderate
47.50309835254025,11.191961939772789,12.811059351567216,27.804840189736815,High
47.53035734687781,26.974961151698963,19.711793993187957,21.345553349723307,High
28.671894406164306,5.708685608931486,10.55073439738931,41.625609628489165,High
31.591860608489963,53.1169528001032,20.109102358209,67.02429506451418,High
22.42227609891599,93.66056922949615,29.280348142354047,53.97084147350425,High
14.660538584903227,3.9343540668509647,17.684134259716004,38.76667935262124,Moderate
16.4332272684958,12.21099140100268,10.779920251498233,59.260520329563185,Moderate
33.62592280385192,45.21990282834353,10.61911581838687,33.92109081852864,High
37.618726471884,93.38750175279048,17.759735198937392,20.8628867643251,High
39.578952186292426,31.61561049767505,13.200498729263881,65.86120318618563,High
39.48090713972769,50.723480868839246,10.467041926563718,57.42458509184055,High
4.560305152434518,4.15728590503921,25.124272279003534,65.7381574700576,Moderate
24.721015235129073,14.834320096208886,19.170460177637814,22.336281001259938,High
2.877938000832214,98.66301229588468,15.784895439453091,70.22717766983914,High
27.476444116186777,96.51186964360456,28.001663660329616,57.1715720021782,High
22.07652506866885,0.49399809344096157,12.322779204010512,53.80372104275841,High
44.38520913791499,95.18117854232389,29.118376579106386,57.47684288687189,High
17.545750627603933,63.91199378155004,16.279334347547056,71.86599481210185,High
5.853350821380293,86.79182945200222,27.768073446173624,55.216190393534426,High
7.149584102641793,45.47398556338591,22.058857529589233,54.85702279329076,High
38.07553158587361,51.55960285792502,26.53414719482975,79.44074942394595,High
30.910903165813053,48.88465802569202,29.680263264209287,65.40381002411408,High
5.0561338061395125,66.68642575461044,15.768108756374914,46.53762832706812,High
4.205340305749871,13.96512547563129,29.22270970815186,62.443820001975666,Moderate
35.048456572956,2.9973589872677953,17.789637898048408,43.353828301507306,High
3.6381503182096764,30.79299415911909,17.710238094738447,33.73252774900994,Moderate
41.09300296451781,70.46807627366466,16.807742085090112,55.811112613265564,High
35.31211135782481,20.185345212294838,20.8281521469517,75.69092588683708,High
4.067439032094988,67.34324333249174,13.082900863569742,75.74837120092776,High
4.241885704259596,96.99120461072704,21.074229707160224,40.51431668632942,High
49.33197892505877,9.39007157894184,20.83409624820008,51.6606479733017,High
18.713539787806017,67.26021182251263,25.2380362520974,32.69815391419167,High
18.532107353344546,44.375021930457116,26.67299923875171,79.737866569933,High
40.63997836287513,86.81422543775054,18.80882700624848,78.86707447207614,High
47.36242886919293,17.71497894473859,16.046664987029875,58.97053578244684,High
49.30005319114355,69.26259522261645,15.186697946341889,68.2648435806484,High
37.66890926294708,83.81152896481102,13.892476734097439,62.906009677022,High
18.81297927654579,94.46142194740233,11.152951643980497,55.58949314236809,High
4.175035834933438,68.32480282896458,16.848959576694266,23.200879819333863,High
38.85734579637184,49.71747640084273,15.404953842615665,47.285860553159665,High
27.920212486790252,61.78472402012139,29.328347717328146,60.48717813004463,High
21.211100462348814,86.89049844787182,21.154176525000878,60.65189683302108,High
45.3177192547368,57.060974663882966,16.945540780610152,42.387357105343014,High
5.559874115307567,3.038705969683686,21.60935201987392,76.50151919948183,High
24.631255214542957,93.09486955069778,12.78393402691391,30.04142193420686,High
0.5676822383709534,68.95267510315611,18.88087498404406,50.02156677293364,High
23.433032099706313,67.65133857772466,22.524686428421276,61.45303859304937,High
2.8151637840918675,21.567515239771716,19.77795663584903,61.82814835350855,Moderate
5.940895813403596,65.88854702326572,18.035576013086484,58.918337406128934,High
5.876312338855244,39.386440565415846,29.876967777993965,36.51729280711161,Moderate
32.460515105803175,65.12329770414921,27.60629524297854,29.372394121197317,High
37.30224396327117,10.659303030799073,22.468119163188803,58.15641960960265,High
29.168438254857982,65.7845304603036,21.387547223645655,55.958126968366265,High
48.10862742372709,99.94137257706666,22.413209596491683,30.76136061735446,High
18.743528976185203,4.821203886055603,14.026242156448665,62.3083487342338,Moderate
14.285604314093037,97.71741842213173,17.902754865286372,47.31031950401939,High
43.429956409473014,40.690796072287064,10.789190657817986,60.065635496189174,High
11.179791925972632,87.07534503372591,19.510920749736535,70.24202478620904,High
48.161126972030566,78.23854840582734,20.860491679153263,30.18370571461539,High
0.6077237344908171,56.70162609866678,14.554994722064192,21.1486920798102,High
48.493941335381955,73.84492092513266,29.280576943310276,66.7461551837472,High
2.1579955975288057,87.8515561301348,28.18909221874484,56.581845509156956,High
44.557155684903556,40.4140321651033,24.44286470911812,61.978374177327304,High
26.385055454314994,32.70331615632387,20.66773257530725,70.28929849931856,High
49.64823980596502,66.75933855635847,27.3993831929537,68.16865608947003,High
3.689828236769943,80.78459419412586,12.613046876469259,77.65520881572948,High
27.69271422006604,76.22851347766158,25.8101958854977,52.156104731127094,High
48.46512678095495,79.78136488586345,12.496416279336966,49.30973795959432,High
26.15489220850744,43.5583314812933,25.884213250988108,44.113231993443804,High
31.469931906763126,81.78342161750216,15.51535136502714,29.22146257065227,High
34.78743444923086,12.020905537060845,27.541811620363777,54.356433972921344,High
22.727053238388663,54.448909796084955,28.880841876507958,36.620751459558726,High
31.377904004203174,0.575866049812157,12.975919388102312,75.27845073277854,High
29.21571559615501,32.45858299002703,19.25351210130787,54.99144825662585,High
45.057900524549446,36.646153487139784,29.619747563253704,55.57041083048661,High
2.2723190170728937,39.61726916092554,19.668148719462934,41.2954796526206,Moderate
14.048159479611517,69.54672066898621,27.270950450290904,23.11936111866245,High
47.520574203827934,38.85581012703457,21.774630442626396,21.904625922379317,High
44.51318919454582,44.86936226225306,17.506598158392038,45.40010864919185,High
22.782837639285646,23.754413087432745,15.715671110517404,25.07392268583427,High
31.006629890076837,37.325179162934006,14.064461821721746,56.41081733240835,High
13.869059149056634,22.726962726315147,25.235963827553945,72.85838033837945,High
9.406057986188065,7.319592376844364,17.73081013646056,72.97488899112332,High
23.18492024699911,60.34485933813779,20.225509244015022,59.54272460793394,High
17.66761140130264,66.82127985550163,19.846509600023637,32.67390988837586,High
29.182805592543602,61.94903460096145,21.545580584662623,71.77980988153232,High
3.8867318482492417,46.34940438005724,27.311542912491046,73.16560611879248,High
48.71974038330833,37.978578017922985,29.61478687166859,31.799215097177523,High
49.31053722398014,86.33336495718252,18.15168417147634,64.24556514624064,High
34.90808570098726,51.908178513621806,26.55037844212606,37.19117293562738,High
26.80481831720602,47.9181877629731,25.290555893094353,68.15841874117578,High
15.476380814316387,2.5642065806435688,21.470579029111466,79.83427399421616,High
40.68975098534743,34.12478276261564,29.12094287223866,21.801560319763567,High
34.23655862769397,38.019561878585705,14.009490310568056,73.84195194745593,High
8.130846967244565,39.88227808969005,12.185284206192428,57.357832015919485,Moderate
45.546359224692125,58.017236922733225,27.079239339108444,78.40295714988926,High
41.12686214615845,53.360254672687844,18.782996332674966,47.90057105158566,High
47.4899956645962,60.79050927934446,26.93937708414121,70.84327583428242,High
36.285975419418,76.48832615421283,27.861804103908298,23.743644115896632,High
30.670759796789493,81.29857387160935,11.249151872381429,40.11674300469774,High
20.912151814530944,71.81230762264944,27.669295259721213,24.0209922650726,High
46.63642416770066,95.55236959549347,18.966381107388443,78.52058800874423,High
43.30319447502042,1.823258267636163,20.208649780084645,69.0184344363102,High
2.2609335053094703,19.57779856835461,22.531850221864204,71.15284527475822,High
1.3183487248626002,0.756287497814212,28.527652134601734,76.27791388603364,High
18.82316834390248,64.7474714154603,10.38232188859528,25.10620916718712,High
40.52766653909165,89.8030548949987,19.536869366356342,43.1358555508,High
49.363806465747224,24.34822965762993,23.754440848611214,24.262093342640128,High
7.520844555176409,92.70345447963066,24.45413915396457,32.64758609300172,High
29.706535767606756,6.026739028956085,23.85064863074216,33.76194662226034,High
19.044542831551077,93.44360268055144,12.688702588162437,48.14643266285472,High
48.49571989073016,35.16226872396344,15.987911767433625,36.11373004721855,High
42.105946156785436,10.142082844921651,17.17431050834027,26.058686409065665,High
41.91643523555689,48.58717591863256,26.0887441535901,30.04946534564646,High
23.434657989748516,25.677656772050796,15.57519744829106,28.836533813125456,High
20.74097511688326,28.487290196192284,14.214099277344063,78.3846078747379,High
13.670353596535312,30.728996492628657,29.148960380761924,65.55755041510841,Moderate
2.8187748325463557,80.30258978326634,10.177265702269377,78.06568791617372,High
43.23611881275266,53.91612766752545,29.956417113639564,46.38442919047451,High
40.64505045650388,31.130769915600364,23.536425977147914,36.702108899759395,High
49.98588366430653,61.03337833109184,26.56938598898234,67.8975918325512,High
49.831841853695266,71.61506742231936,15.892387926923863,39.57523508246881,High
27.771585280131372,27.262400073353376,10.2863055533412,37.9630024223209,High
38.44937075902553,41.354910152535155,24.7573903712306,33.950359532469875,High
47.238286494121404,12.188609333694755,26.682891940013516,27.780738693454122,High
42.482369533870575,18.11493495346803,24.809522639070384,35.387783661005955,High
12.367405087159883,68.11178539649828,12.857005746016771,41.31918490843326,High
22.527206765504676,18.143834769562694,25.06855844513938,60.439652488743825,High
6.457970757574749,52.516338366706016,25.37845564215282,23.753890533167095,High
47.70255136293612,70.90462617224327,23.1708103134011,32.630416379920575,High
30.308731722544003,10.687692309474384,25.322318655911722,68.54141841750058,High
11.432140275173136,56.73122196289035,26.918428793554643,28.815315415026248,High
33.58503422029283,25.656278370136377,22.272082284749168,40.55870879135129,High
30.90641202289479,96.29268752375798,11.772094279393581,71.87953531148841,High
17.908135901642027,48.35456467199247,19.75255619334422,29.29551866860656,High
5.677879609981451,80.59925497751581,11.552986693432102,24.964210137091392,High
33.57865977963998,55.022654215626176,18.150860620648615,49.07227970480065,High
26.015385045189664,4.341253285481916,18.142129782512555,38.14517067671218,High
38.61591958678196,63.31513755940223,11.320196882804831,53.80450186903125,High
26.00817505559967,95.14033422066571,16.976410679389588,68.22829342900852,High
42.609075015927004,60.16118201463312,12.219961975826298,28.22890928916459,High
27.595341938724278,81.91888594267903,26.164704200184442,54.8419450732571,High
28.046898576769312,88.42064633484078,28.953760519289414,50.330525623391836,High
43.832680132917254,22.807977194893247,11.446329505158772,28.644727160791973,High
20.17414331061985,21.204483990822666,29.10230414583403,57.43990913173894,High
6.700761422532037,61.09809888509917,20.451531986734903,36.4184250716463,High
1.4391338156669486,41.10284698067047,15.991313559077478,49.27005911264075,High
37.75686278368095,83.98613028667204,11.53724150552327,24.936339456623713,High
31.015477567673233,90.00231233980112,20.012485361408356,47.57504343281738,High
35.20398840496118,35.34213793027181,25.890310889814973,38.38780808256922,High
10.648208075445536,23.687055897448207,24.141729545333963,69.34287267112126,Moderate
6.818573779338488,78.05255152438619,11.004520229279475,23.418723619842098,High
0.7272332833940964,27.48060355481361,11.45803670735807,45.1164364950998,Moderate
17.529377940329848,82.26143185136785,18.05746565265274,47.50588544788628,High
29.495884342731653,42.37382536487628,15.905809880958866,63.500364577947124,High
19.612202254986617,66.75498992914704,14.647686461120957,54.45725450541266,High
21.873746101186452,9.553531383466819,15.620089978174272,60.03274023165086,High
45.20793472468742,62.3859324676573,26.069654865937693,66.62295713910537,High
17.41277335116502,45.17676787372291,28.58456107263708,71.73217841949133,High
25.69947445799054,58.66084631754741,18.10205389055133,38.83252980334823,High
39.18265063705715,16.801420774486342,28.122220042649943,52.28136232183418,High
19.827139116063506,73.68737449441821,16.42991402495764,70.40648470635199,High
31.104335011393676,86.27970775432286,19.528739726875834,79.36706785790338,High
43.11818543733726,21.673980009077564,14.520579956319995,73.37115866262579,High
47.4760311828821,9.571455552016172,22.80952084351688,42.28803575746261,High
7.353674046451896,2.3638586046336396,29.57962230349618,31.709991033119024,Moderate
46.32938125807472,64.1971500443266,22.069861920867574,49.36355224439532,High
24.60581465397691,60.70940360887808,17.15628168227098,64.49848711016253,High
12.912219414947918,54.669741271407005,22.956348919810566,49.554144245197854,High
22.956787811913067,23.194709611597542,12.458413569307751,48.99085179882011,High
49.00162876427385,39.09059959055147,27.773181605307972,70.29382526490804,High
24.63090469964348,59.4476335186173,20.061679015596727,41.68422674403118,High
16.437580514375412,49.67668588591694,18.98699484079284,71.58768048869874,High
31.67004271583629,98.77855202148874,21.717295769070383,44.40828805710341,High
12.007280938909654,13.643975255673313,22.49567725578805,39.69398634070036,Moderate
3.7931664054331957,69.51445540475937,11.43551612453026,47.23939467198194,High
6.443986095532461,40.431876810429216,23.652344424468048,65.7468175204921,High
6.402291947888622,42.819961492561475,14.83863360631059,27.560121671839656,High
7.595134675614718,71.75977656581762,24.279052650131796,31.78515295232104,High
6.941358632470507,69.24361513243696,26.450695887683935,77.08668953978551,High
32.04373724016073,99.12559937021884,26.079170151050405,30.52949764288144,High
9.094004219957242,12.839428945412523,21.050019348157782,54.06363907586327,Safe
17.28336416619316,10.410964938416633,20.40339784621502,54.75886799971627,Moderate
44.839420495300594,72.43388171287411,12.857519226788234,49.37746772301469,High
23.69808201314362,57.83869170064091,25.506923008062714,58.68471491460912,High
33.37788692605136,27.416066655980586,15.428187608934287,33.789603547857105,High
8.615993560081492,7.9419368988986605,19.93390845635893,53.15973606660489,Safe
9.614450940433539,8.565824959643054,15.685481858550334,42.33039531481383,Safe
2.043430813323943,89.41908746641182,12.676567259993863,59.70003557775134,High
8.446753153608228,19.18673247187429,22.591153937834733,28.47341260238897,Safe
13.92951695159793,32.33715621155208,11.086640696458076,54.252645010368575,Moderate
8.85052421383734,22.6656402226988,24.972904682524,31.116221322999422,Moderate
4.43512668785278,35.49963058319373,16.351735905222334,36.71858378690219,Moderate
6.03179355503004,6.942384274609337,10.002693860089707,33.12258801941499,Safe
23.038938401636287,51.90597909082704,20.222582784744596,30.970266792129024,High
10.316685920289625,6.76125635922149,10.937038170552063,69.54265709364002,Moderate
18.213493052403773,80.03565078223616,15.52339115641799,37.14245405965342,High
25.170863542742843,23.3712081910433,24.139529749114324,75.62742691186696,High
34.51974143146826,54.00119146045106,11.253792432437317,78.19559152071145,High
1.9656069920549468,88.00790875614582,26.78676984712005,54.27562819622584,High
39.97051994545213,65.08773690471942,10.076398453171663,28.580067359943584,High
31.39501947454539,53.29577865513353,14.936477384038046,42.47289460277487,High
4.087951597443595,32.43337531153756,24.81808112304143,67.86393580089285,Moderate
43.67893120533886,33.300191305819794,16.325402994586135,42.04344372182423,High
46.04362002659066,66.94869551981901,12.03784776132027,25.221033098167325,High
3.0538979927431873,99.41393612211675,17.20467837600856,53.407094655691274,High
13.843882407360187,66.18391898493786,15.40786572769051,70.70725108976208,High
40.31006398965307,55.77834173700249,26.854238043211097,67.75558322861013,High
37.41298451918292,73.06505102392461,16.26695835170286,30.507388407821196,High
9.226050967818866,46.52056122837182,25.778649435520144,60.365876864748,High
10.467466166835514,6.0142342600785215,27.837442896214696,33.23025580613883,Moderate
18.5236051395691,56.22968158779098,18.67634839153059,33.09245207313033,High
24.226149259551065,95.76252845053801,28.19886287708784,72.44430639831111,High
30.912738576514798,17.530294235765965,17.546361079263857,34.98013716441381,High
18.445681978488622,69.00048908206658,29.281568329802163,35.794840791080674,High
23.126735806657393,20.093368865905646,11.78579049051146,20.039203445677973,High
37.37354690668783,53.582768447308126,23.740385330064854,72.24014204753107,High
1.834160144529895,9.667644964671961,19.876280809138574,67.55568879254808,Moderate
12.621847217201038,45.037093625818514,17.752976109112943,57.63973610544068,High
35.66747929422762,75.61633288952461,22.65423757497202,65.01594583633053,High
44.76034188435997,34.757152423898205,24.077141832686625,29.122914045469507,High
25.583872105783307,66.4911724487218,10.08726539300618,47.499415675254525,High
26.605674263265783,79.54499607897291,13.339061774943975,41.07316324092685,High
5.358600566988803,92.71778194794527,24.260921012686374,25.62659157542099,High
22.370618341172733,23.464208185545353,23.327708271564127,49.16782911289545,High
26.630863322751157,39.931591580930814,29.320950102573544,75.24437902055811,High
12.123525181736483,15.241601333041743,25.22075580501566,22.40354714304167,Moderate
13.462161547469048,99.24835021583752,29.01545415462676,37.48765480962763,High
18.864208155231132,92.70009679242953,24.05081003069614,32.45245617234221,High
1.0035598888863184,53.99571302805596,15.961044172788863,34.28879921994178,High
16.103958279158913,84.20332943764213,12.107298445017129,74.50607311276252,High
10.572400349827232,52.09579772720422,25.636477266898712,48.08414325405741,High
16.374867608895734,62.35856880027597,22.882984429518316,47.97796477638913,High
5.988106590962561,8.912443211601662,10.963720247865925,65.63453854731694,Moderate
44.52636403699475,75.52704204968079,17.201009318019565,29.269532240295547,High
29.679622677702433,12.771348363523483,29.135996309685723,49.235921246003045,High
33.95511595722448,82.60676302525283,20.008022914204027,45.799112847263586,High
39.45856193036691,78.20280876703859,18.654582720394092,55.81464143279937,High
24.922109946452863,70.87446977429764,19.153992103185878,79.97346219502631,High
4.346014404371185,3.6160380524762115,14.177654480103275,66.16693364492284,Moderate
26.85532709092739,30.31283559453286,17.374143417295905,43.87194218104563,High
29.342055901043956,26.311256991084285,17.396265119743532,69.65318313644282,High
37.271973709216496,36.01364074715191,11.047100403749448,30.242501798748812,High
21.58297731148397,8.764274676383854,25.351352570358365,21.827821178537608,High
6.379015139778188,93.69578230310628,18.33008863807758,32.26690234785639,High
14.188795289936223,55.38022407123763,26.443597736328467,40.42469336685558,High
18.154114819931756,30.552431065802356,27.00696002239791,50.634845447573596,Moderate
32.295862066580064,39.698151707428345,14.23988109397316,56.90774843247199,High
28.538915233445593,44.72025405048357,23.14706964340257,74.63634303286531,High
17.80483629489231,60.05943333606173,19.445636083259636,50.59124057302746,High
49.32576243964898,51.567942769649775,27.6031347584297,50.076538677543766,High
30.288740967844358,91.93919732144174,14.314813583529082,23.014580589378927,High
11.861339586799724,49.696348290583025,23.556264006200884,22.094693159373428,High
5.089123631020187,99.21580148233127,22.155042445054452,53.06959771498232,High
7.642956959216601,85.14249577450957,15.906029551436657,46.290716794900675,High
12.297886419225406,20.85105143573358,12.732018073023452,70.35082369881792,High
8.034068662977784,93.05952146439162,23.032795209545533,29.64077508271071,High
9.328351202565289,11.636639788547608,24.771949162646614,21.498299727022975,Safe
14.254758434692356,81.74497084911916,16.312546875267,46.94232607580756,High
8.66867976473774,38.06232934765801,22.896652080446277,34.24871340513545,Moderate
44.83827123132126,87.79743204450695,17.902618152230065,22.976862400330248,High
4.011687283082111,86.80566901074504,24.264137665652356,63.47589721085774,High
26.225569478512732,80.59254001176211,13.984305497881062,26.695579997434848,High
20.519841349483077,79.00304363070614,27.804300052723487,56.4991700004663,High
49.11893084543032,30.46791390980408,15.748191929311595,36.86298501001335,High
5.601945108402617,8.091928305125219,17.355719755123058,30.409763021301323,Safe
19.892779952287082,40.29801787651615,11.161839041606996,42.78509137515905,High
48.473521663768445,17.35245149865087,12.230244246425528,68.08674657337721,High
43.275356294699016,69.49510889024617,20.317238054246562,43.52561461427436,High
40.853603547464,34.609972653778556,15.35185353455943,65.04617895266334,High
12.895141352246991,97.56102008599149,26.70960451484389,27.52917780794904,High
8.544379369503291,64.0972077345332,10.293867773099077,66.36628517990475,High
33.43216099622155,82.24805636343609,17.58188097343872,34.215999494398915,High
46.46879945637929,13.252467274184843,16.746910935381855,60.643587793332365,High
27.83814465069649,86.20144822726226,10.38655261835202,53.94689329045978,High
28.580634473494992,92.27571905133944,12.487367980010205,75.74868303270124,High
13.998954683014208,48.70619188189359,18.272853498372704,43.23935107851884,High
38.47464665959684,60.625293775097745,19.857291688948933,23.969911330066427,High
9.352187427876169,76.48098009029954,18.085794945097383,21.149329133075174,High
16.183961820212183,17.483862726041256,20.61875356824188,69.6115136583652,Moderate
21.27182193082084,50.25660764634424,21.90263349811363,51.484138259685935,High
25.38051893422275,39.86630277723131,10.198476422556713,66.51464311009696,High
12.120486620754011,14.63739921622491,19.28190318907008,34.065536000690884,Moderate
5.741841236960177,36.753442229153144,29.269984817751766,40.70502473079402,Moderate
30.53100212208163,6.817230938549357,20.380645602590974,21.806232332679137,High
14.431527662012789,2.5811906949486985,23.550845349179063,77.68953947444673,High
29.061911071130613,13.516628915482276,16.237277158337662,60.072074402048806,High
7.718135763710116,96.31151115891738,25.479827563055252,75.99230526555837,High
24.057005092740873,54.952953589501696,25.4584296375223,35.92978444574434,High
26.629471627579292,96.582216115322,20.42592095308278,56.68781667353965,High
2.5911768411213454,43.2497878330132,29.52027646558427,60.70999809755827,High
16.830213909696027,31.181613308525957,12.511004295253068,39.05298201545531,Moderate
6.720733846948712,50.61418628402441,10.338953297791619,70.8865541009378,High
3.168748523638387,43.95116886329101,25.40316423514192,76.82968777401487,High
49.49801161949726,10.566468426174392,26.14311074729765,73.09130706176026,High
16.117692248736148,64.08263146902063,12.404144582411526,64.34401855636236,High
40.493722292731746,21.60381825095996,15.311656659172122,36.64788078349724,High
12.732032738188192,61.95879548978296,10.351047267332579,36.8969625263379,High
34.075136111196464,65.02010923981534,15.866172215611293,77.80161922676228,High
38.011392994484325,15.20248531286481,25.46283747837343,20.61706975614152,High
29.781937030392214,6.134962711066816,20.35921055425158,62.96299839452867,High
23.57880942750792,78.07615860684398,16.961911863365764,62.37476975331573,High
20.592045707363425,45.98004237693202,17.434785898126606,57.361372456987844,High
17.443413327149766,5.816379550547579,10.027072514309364,79.40653076521195,High
46.476457212391296,99.48663171697672,15.996010551304717,38.712766145823515,High
41.530970389386454,5.778056099636664,22.929174832758612,40.398311827594895,High
48.251345533325626,69.50352288585532,29.483888876327143,24.736364176793334,High
6.214861174277236,98.36789252634136,26.94121653967799,46.567888192624245,High
36.54337376018221,23.918010421592562,10.471899292910582,35.662911574090884,High
46.91702284105189,14.224936868719617,27.97121209349679,40.60320213065865,High
9.061653308283008,12.138493942242889,25.66396826597252,70.07430741533766,High
3.3248133683388748,30.327514756759555,25.607522471419607,76.12907081164974,High
37.056032464502955,10.10458110106467,19.15991518007143,31.143984320311137,High
28.723655658995597,69.2161341694132,17.960105859090056,42.35053589320795,High
42.0914388379136,6.229179813006269,16.058314576663854,75.71783372692364,High
6.988618831314475,50.94221281497897,11.313897179087316,23.708507641353357,High
39.76336559299451,99.66968538529768,14.564707269873981,25.541631686682713,High
10.081366002387227,81.39702695060188,14.932072699560493,29.767459352373763,High
8.182797143285224,61.52194382310109,19.681541394204032,55.71277004761249,High
8.213289896549647,30.625362078661166,24.948888131933877,29.02833626035985,Moderate
40.728736011569104,62.389583629163845,19.476196567958933,78.08458288704401,High
33.25986103481001,52.70414639116516,11.156888988943212,46.802871635511224,High
26.153271238455964,42.60833838903715,29.15579601976408,50.09107762100999,High
17.941524206175124,13.071037674019948,28.854486381882246,34.79951694832439,Moderate
43.86002704065541,88.66042152404667,25.70379086296817,48.25761514608401,High
19.622255371131768,44.97846488213225,29.82655803128441,59.71481795822069,High
40.82997197357886,19.462251182076507,20.889646656005258,65.07062821724256,High
21.95674542851092,36.77593508772896,29.255367005064123,65.23208496259478,High
18.84722147124538,41.4129752528927,11.512100812335015,54.6734667616453,High
23.13398928348032,82.75378955668742,17.313614965227426,74.26158649963143,High
15.068893708207105,73.3614380561402,14.507625360135316,69.04447083836656,High
37.380469008812554,76.93048936413398,13.916661682685401,65.42288688191752,High
25.136019504623956,1.1031264428647214,12.816058977853523,23.336331300827638,High
11.610634757340865,41.615399817976154,22.448272831319933,20.41267773317896,High
44.978728663728425,48.13441516353236,25.6264371149461,32.74683663172838,High
19.19456106866057,1.9192276823056686,21.565967988407213,59.81141563480713,Moderate
27.17764305569943,25.98132087450342,12.939254191764194,44.671849332952746,High
45.32360554822735,76.0289823122135,26.222475398669417,44.1443755579587,High
31.211899795699605,13.710970572899905,22.719094143274567,73.07521329377683,High
5.844902035418204,53.531013145259166,17.76331412253991,73.73377088791032,High
46.991606180673756,21.52018720172375,23.48260591072126,74.55051584321515,High
31.385402653570893,1.2120774643893273,15.198099584856656,38.832684590901636,High
16.745280732854305,24.12014575995415,16.90384416988421,61.46334876435571,Moderate
6.963603633169363,97.58737549100537,28.349716862639806,36.29799087646218,High
39.7012594635148,80.15371118829896,15.810090113428409,31.436589984466988,High
31.003637796425675,95.95766443210334,19.399765363158732,31.077947440842152,High
26.673054598816076,48.785404392636245,27.802822747920292,40.52645725181564,High
44.69462915254788,10.973619867750351,24.15442700535055,45.7974571867893,High
39.42986056122654,54.79594889736929,11.244064523294055,69.8569502633041,High
7.583743986637559,45.43773345599609,12.946060885579406,27.193465608362725,High
15.586103389777412,84.4357082739616,10.156831815438336,64.09555084369364,High
12.424456990723288,9.808258078424458,22.618435804583267,51.88729485135832,Moderate
37.19731462863385,48.82411370217782,18.953468508208367,37.27672056055955,High
1.676621736788969,15.004866469398426,12.68549701804551,49.569175071969475,Safe
28.494484243565825,32.467592689006,29.15868242113541,37.99652418662136,High
38.122934287034525,73.73570773877996,20.593194478912398,55.76491731429836,High
43.838281838087475,47.601812936876655,14.837865882257784,46.03063537131465,High
17.104087435795375,37.58882851457693,20.01207142309415,29.864331744732723,Moderate
41.06286523360064,39.44762785700353,23.592406654702156,26.994984473341802,High
5.531586847760361,45.94467684059866,11.52478435947129,52.80174092432781,High
42.32261458672591,78.50165438370568,15.49407630095784,74.1447819971662,High
6.374433116599121,89.20846889402344,26.139309817679873,40.637461193461135,High
19.864364528018363,95.53346865039283,19.193297408053226,63.980006433357396,High
39.86476828897768,78.6903386255295,20.931542840645896,59.51968129638602,High
7.4958713674386885,31.540689574801274,18.656320044189385,75.89329485856885,High
11.462569761632075,68.81347060865421,10.877998852860102,69.25886103794845,High
36.11262841965331,43.760312405539196,13.314995596403119,53.99631553432778,High
36.00182682730372,25.467062204605117,18.910832774837818,59.42182989404644,High
32.057381644264865,84.08715794259226,14.183709308158557,73.90318799504209,High
34.697422223355,3.8426348962324997,10.999580573193574,43.97112707521609,High
27.13622216737981,90.17619921354235,26.872993281036475,39.60768235146664,High
12.589952945347637,46.147746462473414,29.623850583282316,20.64866501811178,High
17.284799675195973,63.72014768082804,25.86285747993479,69.59306445148786,High
9.079885840071283,65.93539222057827,27.07569843409334,68.0588420242019,High
45.422528066681416,89.51177407065364,14.839542606340908,26.26727108600908,High
29.169589738306023,63.66696821672073,29.212539510263994,54.61144286796201,High
20.042570838181994,61.39335847600618,13.938514089068567,47.83890189001325,High
23.100290182206635,6.665204056068996,29.028596207236646,27.122545730546687,High
47.36416698059077,51.84080219452041,29.89638587931902,78.83409362364341,High
7.66757015580401,15.016900081704165,24.234456114920974,32.88175324780133,Safe
29.31149160083986,73.74337687214856,29.62287463583644,24.03405080543367,High
25.2944339442233,51.22219208126745,21.390795591342073,55.69084277011457,High
30.57271177173239,68.02277792083532,15.190835663521806,64.33200062798196,High
0.9055091910420254,4.167290060238427,18.739917713312416,21.946606762831216,Safe
43.606195447207575,8.479201604580322,21.87121870757572,59.52305832362133,High
46.60591412418062,71.63233880626822,11.4616312405403,51.93751255708727,High
28.256659179460446,7.208433599867337,22.446865292344924,26.195900532502904,High
34.83254119384461,7.12567277652586,29.62355673524589,30.35143261678172,High
46.124969058864785,1.210847523488745,13.802152995674552,54.07845783896483,High
35.36193171566993,95.65013982994802,25.851902325767668,37.7814568107973,High
7.626952145713068,73.75083594590069,28.15797587559239,76.29894371907896,High
28.81441800834066,35.32514085020642,28.874031856404414,69.12441376904304,High
30.335752319142795,29.65355812876552,29.202712088108946,79.01403239081978,High
21.2065335651193,34.97032297458495,20.42919277442944,35.580250337024836,High
36.82221178123614,77.46535311811819,29.546158159830075,78.18341796787863,High
46.718350738450745,66.13706110704143,25.146204142688777,45.87403218749347,High
46.278425645338814,18.519556786746794,13.233428724739237,40.85112771882528,High
22.541968570206606,17.410933533408436,19.5380021293594,23.020971618161195,High
5.661902292037762,9.839564971339732,24.36662350744008,23.165915471576156,Safe
49.242059948116726,66.03027197013381,14.946806316381666,61.52067535679928,High
41.94490432229671,76.43726622217359,22.812303670977748,47.475739666041676,High
6.2331340601633425,26.5046428325004,23.332009580932386,33.591297562166346,Moderate
46.04209413086862,2.094496103091281,13.253994876171317,56.83821837951396,High
43.49481810310641,8.217166747642734,21.301706249055126,35.17148709500667,High
25.941902856303606,96.78600348450304,25.43253821957215,54.65790526066536,High
29.563771787246463,29.544477747742025,19.97791329071884,41.552524818961416,High
19.95013519350651,76.92231478381336,10.24206233552215,69.41313359670914,High
2.7380819411015667,62.46635688542638,10.180769381585844,69.24176964600676,High
16.759862082295047,38.19396396528959,17.140586879400246,48.641023887344076,Moderate
40.14267242990057,20.56872621955551,28.52388136863564,41.04914656010094,High
0.23160115023014294,12.138641815940643,14.573535592072176,41.75358779354568,Safe
16.67495858455721,61.50129680388666,22.687273777433745,68.34287154009307,High
19.908434679547167,77.4633780637788,14.44151741386641,39.69076896785672,High
26.869780146896144,64.39042535411306,16.433399793190972,32.54356242241076,High
45.992780820638025,53.030213324915835,26.96084179202968,25.08130051251841,High
17.317299718298063,4.195122343163627,24.57722884539894,48.0015872530645,Moderate
17.347660094811385,96.84887775943838,11.907985546264213,48.927925935190515,High
36.87506240548742,79.87141916545745,18.57404041972867,70.45452262417443,High
22.610897044490358,29.282203670096475,10.583395272905289,33.274321786763835,High
11.230241146999099,97.99703293588506,19.61780293206018,42.859476420103995,High
22.62197580663467,60.18815896363221,23.24868023402136,68.50434433362145,High
7.042851018989992,58.24226582072465,12.370052471963032,69.41741664493841,High
8.819349325311165,74.8073179429532,15.777698778183314,43.076664558726094,High
24.918388636973987,81.17697880901376,17.95673251004314,47.547441397200856,High
20.946272475227396,65.64786073315027,28.390620493120995,38.197153450956975,High
45.742295053405,12.809574636620003,29.86510030845928,75.95329270515873,High
18.119694955831655,33.82675059944984,10.898225979912317,27.118625944494816,Moderate
29.02941751390217,92.80836403260497,25.22015846990784,76.0249653800882,High
31.61321439597652,22.461561184385193,17.434481328046864,61.031987110120596,High
0.6547228294166818,37.21670238375133,17.8491637245896,51.89432916120387,Moderate
33.17686860083553,43.2076882944196,25.085299466940455,21.95954364706975,High
8.901798343487572,43.940498969445215,28.368528642908174,48.5357715093205,High
48.053515873472755,61.29395824945255,29.018571890050968,44.46488630016394,High
7.433136387655647,94.30758377447076,21.542451720766415,29.673128718507353,High
20.731206186351187,24.069271183250496,17.142423186010056,59.38457621003941,High
4.267483403932193,12.150137630091805,25.750981717175584,78.26905444209714,High
49.843712592297365,19.747048985993732,15.020027665246005,53.73132866387151,High
25.10975051656213,88.69249002092695,21.281480576670354,62.88519658663675,High
29.76925086600219,64.5810812655206,17.17156923049746,24.107027153961006,High
3.3538238694213742,28.590678923916013,23.132621474157524,45.06001974901969,Moderate
37.49802351995889,81.59469389686173,14.807978257870138,26.98150910986975,High
10.495279654779289,86.1369996363436,13.831858914696515,56.76775013219063,High
44.90271447203569,84.6514338690278,28.364781733508742,76.30892949284927,High
10.256982024100358,91.89265336395545,12.036073658990738,59.70666394829831,High
9.534386033183328,25.224102017336158,20.11915815469863,24.60818289886529,Moderate
1.827483392404744,75.50419287462783,14.417055659260178,41.27997229910497,High
23.603347255499962,46.053949727414,10.77859926651335,53.03980276645109,High
28.24205666313082,84.19985528900615,10.720376365828528,44.19246536799513,High
3.2854319714176183,72.84906771616131,13.504435442116547,70.01864062851034,High
38.776380834750526,77.64474464997247,27.335407090120004,68.88026028259935,High
22.66444173740138,65.61618376810715,15.649574879540534,56.70986120619329,High
26.219513466379002,17.742876946970686,29.009183411505916,42.40747670796232,High
22.03813734691141,54.502691889693835,21.63244585978387,35.32018242579465,High
20.0381530437663,98.46697395245081,18.732283795375324,26.35245909278776,High
27.982016565410895,93.73880664971189,21.60177669338909,41.29386100919324,High
7.762012296535625,4.317373579701167,20.333967704525357,44.79035103246317,Safe
9.096406524763555,16.481481572943714,25.175525075146503,60.54937550624442,Moderate
43.089281050675865,13.172877345456191,15.649921319457045,59.48958945785441,High
47.305773106681634,72.59799099852955,17.061007832006048,24.206488378475417,High
18.665465813987648,81.77853298569451,27.881886050665013,43.715558925869466,High
13.537233657177689,21.35113663106719,28.92913026300811,30.906732033041713,Moderate
32.19997716195079,50.5852692951829,27.85116454972949,29.40876231900834,High
20.43670855490482,84.07030280112,18.38895987914627,69.63812898423475,High
1.269317783017243,73.28015447662506,25.607310060137635,22.51491300297545,High
7.807629868309518,54.223720549184826,19.526714666021974,45.15097255412728,High
35.798611442369875,59.03476904587729,19.950797042922044,30.09221934599109,High
32.94619709550757,50.83605469162799,14.093602181145679,72.75981294070844,High
1.3547996251741745,29.754845131882057,21.82260606517033,53.422430796502105,Moderate
11.098608096647473,56.50219928590161,13.722717955066958,33.88283818261088,High
11.55373982940357,68.88853020500906,16.631293981343873,50.14563722998258,High
33.59463717993642,87.33229158608077,27.100604032398703,63.88918158218695,High
0.9855268877182077,63.629135397924806,14.141516184217105,77.48708053516603,High
5.2054290992286925,76.1121537043158,11.423165703468657,33.226760254725136,High
39.99580426865947,16.0071634954573,11.380151852256326,73.1709063277607,High
8.92723310271668,46.15574744197899,28.815690410062157,76.05824685004941,High
32.63730539259374,0.9331619827093296,20.138408759236693,74.98523267192397,High
11.909139052336325,24.667886452162303,18.188241436340366,58.12486141171459,Moderate
4.972069637967258,72.64617151130048,26.217571620158367,57.78923926608246,High
12.158609549972704,99.18099513493634,26.71651855821032,44.192637991029365,High
36.11334659278296,9.917809958721591,16.64382066231209,65.14387293822728,High
42.784823405314285,40.14943158612883,23.872361149475907,51.877641101055914,High
41.51099322834958,80.00709686991596,25.42245631703773,60.64628427369767,High
19.85917648092274,20.403563462889885,23.09301373731909,45.70747423092773,Moderate
33.40425682853231,55.50849493022862,13.031901496001987,63.88978784258834,High
10.249214770791049,73.30712960296748,27.51766167034114,69.46829105627295,High
14.657386513050664,61.5985450260179,20.781891054720173,28.786175396168968,High
44.81679092605599,18.802473461541613,15.649448527400073,69.97578293445369,High
0.6500961755368018,35.538456868573945,18.504563708753878,52.41779190741843,Moderate
4.2754265427234035,78.37917844853972,10.751421807978147,70.67995454541347,High
10.394312757301366,55.42265141320166,12.55733602444835,45.878102380460874,High
1.3266101936909858,0.5229613542912737,25.310935010317216,42.7424291229821,Moderate
9.071771754489866,76.09907600280938,10.000232695107323,74.90364395103335,High
29.152078048484608,3.531135494023907,18.331316569645843,35.07015605290408,High
21.0712275296249,74.57337827312321,20.45020362171177,70.65273951716858,High
44.63358555384874,20.24805601652374,11.092688400019446,49.041234350564245,High
40.87217808692205,95.80734801193802,29.461563259446656,50.84572655307558,High
17.0908675848938,36.79407513020845,14.522506624993438,38.50809688936904,Moderate
12.971171671564624,32.69316163380791,16.083974392725615,54.38253203714094,Moderate
18.984620408363345,14.888805033244468,16.078850245100547,39.512671776572674,Moderate
29.51474712574039,30.560421549021488,14.608333242346998,22.356164854499138,High
13.403182041143813,87.66507618282006,10.029476441726228,36.31991632066136,High
31.2074453924567,99.63343376272474,24.58689588175993,20.38274260439544,High
20.470582609562022,36.83095305068483,29.336909995985707,78.7012872234114,High
27.602359042599012,44.861063095454256,14.485869665700902,77.94483258918484,High
21.806326456765834,72.2070938202737,23.26094383606845,43.7093178483383,High
14.723287977095884,88.61957804650746,24.8379265391743,63.70225126037876,High
47.422665348107834,59.304433418678414,26.968507581810496,40.7483659046255,High
38.18028970798804,39.15256981778293,18.452583940272184,60.265589425158566,High
7.005658788322627,41.262184084862376,16.058618112808585,68.32580258275874,High
43.42339879489564,69.56181464968068,16.505902680460622,76.80537468153445,High
24.371559912475682,0.32182636042786816,24.252426661970254,44.01273655098032,High
44.72761134470457,61.95893374598407,26.33558933011272,66.99787897736286,High
39.992762797365764,35.54930104413574,13.632279355132052,35.95570703792713,High
21.26067522346167,79.41973312770843,17.418820163155303,79.4199382276189,High
1.12346541600587,9.299063982313216,28.038803934983,21.546175925861068,Moderate
13.433867969247304,58.82022669483905,26.133870393894785,56.21172839006726,High
27.081710733043344,48.09728898861238,29.697168055249517,59.57035889907963,High
31.673910991307363,64.23255259052274,25.084965193641615,61.28273342444773,High
12.894384271660114,6.485359448296835,17.863904020558444,27.223254727345342,Moderate
6.967803703641207,57.99837874281313,21.812756679892757,76.31178700838782,High
41.74651183996495,56.14845879595237,23.220285084946404,30.870996743004966,High
49.22010903517761,56.06600944161709,11.56911632634248,57.365204194390465,High
26.28450911513429,60.34876665964548,20.889939182077303,33.3605647473851,High
8.583964292415175,67.64679372263622,24.18641656945219,38.43298502127625,High
13.615366325968449,80.49889996807697,13.346426080021207,52.78751250368746,High
0.9195338273733367,26.982072012821433,25.612634348511143,45.03160511387459,Moderate
45.71494032802495,82.5049410180062,21.675455610282235,29.613536058590377,High
5.887554144507057,49.82556822634536,29.04443571395189,30.2561841452509,High
28.825823775712678,7.705827913433117,10.848445964137834,45.088687289767975,High
13.7027610343603,5.85509292439792,15.30652275110934,65.43697869653005,Moderate
27.708900125789672,33.42383186960608,22.03107758599648,73.87787881086732,High
32.57101941759321,78.48969771114676,15.931198244118614,25.04765973556297,High
41.48709018536008,70.76809347409157,24.288483281424845,43.58623445356406,High
10.32106358803016,78.86149646724064,25.18010565043862,26.014733823372598,High
0.5497914329240239,51.72690564416094,12.05031928132949,20.995548837955873,High
6.844281503440364,44.01989979554906,20.277089284135354,59.7031209586374,High
45.00093209240526,14.745252670628394,20.177811111821118,56.14696651799527,High
43.694503878125765,32.81927536093116,17.38561540431082,29.78114682889317,High
29.870655108515415,43.40193661738753,28.65849725139344,34.02876998558385,High
30.025843021682668,8.860042967961723,26.550126397464425,21.422465218671103,High
33.25183372731277,22.061195271121125,23.944187638192737,70.09683234166422,High
8.76856393117248,59.82252940637388,24.286532714699952,78.4814357629131,High
45.72059729624799,73.56631142391899,19.234322876262382,28.127572207681446,High
20.938526244603654,99.83475113929497,28.419890421931516,33.888512825917886,High
19.156926412474874,93.31133313435576,23.891908545065707,72.10457143681604,High
25.94588526414188,64.25651995351916,24.579621233116328,75.5878278773711,High
2.3482983387527523,42.1248053294072,27.233818075746903,45.17764296840862,High
8.314168437803971,63.617736470823274,15.481431786843821,23.037348336144447,High
36.90168082131852,78.56516180802319,26.14141807733406,22.363510021569162,High
4.139933396256323,11.833619092338733,13.90481205912984,54.436991964140624,Safe
30.15760547331941,40.99048896962883,16.906839044897758,43.57370653359074,High
12.267455484066048,83.98022856356172,16.712209085396854,21.719145654659272,High
19.464780702098828,38.3832951933044,29.57050936778281,54.9951435387534,Moderate
14.434686838534994,57.18722712271865,27.130744474958536,20.678152195341347,High
17.783635823247458,58.77693608621982,24.023397231805195,67.24231748895639,High
35.95229525921228,18.447625313363936,24.541135232307802,38.385969362202296,High
14.85608578115875,36.22354416522884,21.24145588805142,22.415480180553928,Moderate
28.32023201484486,33.451128874193216,28.94181334217038,55.301133258989196,High
23.802520109954983,2.6196708532064794,19.92517505764723,43.86106486598328,High
33.18355826813241,2.4191763891355245,17.61035419739789,78.42802480142896,High
46.8414869662379,83.16970436757735,13.26070673863182,52.651919750222135,High
36.62860486051252,27.30708099728124,25.72411304522116,36.514350862220496,High
10.747018929537838,51.80787662388154,24.688878641511828,62.56633187803848,High
1.5591567530642336,29.872557358877305,17.687100770482697,36.28952015256268,Moderate
13.113202214991254,94.06792451153404,10.503868279184587,74.25459748445391,High
29.753896535012743,25.929675886577375,26.779946554360215,42.483318230442585,High
2.5712906742125172,42.96568127389351,10.228359669081472,52.99211376657232,High
24.818312360061817,87.27302504846018,24.07399559258102,23.03438622945373,High
29.84214244584446,84.19335667918087,29.40514219452114,45.56727427713385,High
16.712194540848042,18.610141784627732,18.75322656296407,69.9418123796597,Moderate
38.545610187291096,80.26433097957104,14.699468099919056,68.33892832180052,High
5.32991265668859,45.81868867378927,24.097420200867635,33.45911353121157,High
3.756889086790438,48.29688720853552,26.342562840311704,33.56474426063376,High
36.409437810180165,13.347997241594378,20.92860632155695,69.03831873279421,High
24.774565810309923,8.060151375712465,29.340705505122923,75.82390521015952,High
34.420119821386805,72.79393069737652,11.033374433159223,25.72165527638021,High
21.74136693018731,49.646115235529976,20.09591196609056,47.00351836557351,High
12.320101661955341,43.68507026151796,24.369078946451,40.24725673785374,High
40.955115883709986,72.95082286523967,27.252809422983578,72.24130732744635,High
39.970793948448964,76.55128989911097,13.585112238155801,25.011494880801127,High
34.73482354272134,15.890816766935355,26.00006963527363,32.66755655348224,High
13.607256861498135,61.02251494776413,21.054141514370905,65.14810025518966,High
29.511533343454353,13.535408227768553,17.931073639799266,23.077630938872936,High
18.04869484700134,75.13750860290457,12.634300571581871,49.55212284285736,High
4.579103666331708,65.69551562671396,27.30591517817825,46.5264220807832,High
45.86567877311214,95.6614621083458,13.145464163594307,40.06407073932492,High
6.84093154594807,6.895801635642118,16.195757184181986,43.67433891913542,Safe
47.51186769104012,5.705472115125431,15.800910639248738,51.79643521581397,High
22.300288647897787,28.218707469320016,27.428280683817086,29.682041503302987,High
